Id,Energy_consumption
0,1769.6645483714815
1,1339.729814059796
2,792.9410038910626
3,3248.5353294097636
4,3088.2654254612808
5,1314.1087171951035
6,4595.45277234245
7,1113.629254015928
8,2185.5475036617936
9,2077.195412889415
10,1994.4476899784352
11,1723.0952168900483
12,2152.885805749317
13,579.0932436060128
14,1879.752402616182
15,1105.2184653785819
16,2198.808217412795
17,3111.5517953727394
18,785.6017271074934
19,3149.1914054822423
20,2249.0563771885527
21,2459.423798756017
22,966.6294646551282
23,1913.6864511100841
24,3615.923523217931
25,3087.298953434195
26,1260.9094830604872
27,3240.6241369540867
28,1794.3377713182742
29,4137.712638829292
30,512.5871792690687
31,1901.2855199728986
32,4129.6975242254075
33,1645.6846890321913
34,1720.3951805519455
35,1078.1871551397085
36,1489.370044928992
37,1693.0634405027406
38,1675.9099191470475
39,5250.818335617943
40,3798.512930255103
41,302.5502708735672
42,1373.5843351076503
43,3084.1795531751623
44,4256.782206723678
45,2434.966303287709
46,1123.1154614756204
47,1092.8262716761496
48,1784.0423036006755
49,3610.531232656811
50,4203.324154478484
51,2692.055222993606
52,795.6862393441476
53,2198.013732747965
54,2153.162273281176
55,3270.571727250831
56,1285.9916034420721
57,2707.3447521506205
58,941.2889068780739
59,2000.2513091451456
60,3385.3130822189937
61,1220.9263511201493
62,2574.1849831593713
63,3022.4294906662635
64,2117.258609673415
65,993.566617122622
66,2182.1434092381933
67,3156.739215320547
68,488.41801639279686
69,1243.7605749610593
70,1747.9647873075523
71,2188.5938366397204
72,3197.1020177474975
73,2770.877608915924
74,4763.185585801857
75,2167.248108996471
76,2225.8715278244135
77,1016.6121746937881
78,4791.472782396528
79,1818.8373329917245
80,1196.0365655180249
81,3726.1283358873407
82,1424.6070291016313
83,1775.8052503550261
84,1556.8880785668134
85,583.5385608121155
86,1562.4614355250983
87,2283.538705474677
88,1283.184476481771
89,935.0799825366465
90,2862.2187574577665
91,1442.0564385184628
92,1730.4322319320436
93,831.7531189527117
94,2405.740467862189
95,3972.782631911904
96,2400.1802924899202
97,1537.096866008475
98,3852.282701447797
99,3769.987158057108
100,857.0468797548456
101,2344.281238907347
102,3906.1348108578177
103,2204.224112141859
104,905.303563047866
105,3375.079722849174
106,1023.4110546497095
107,1356.444701036693
108,3685.7460383715124
109,3412.6415423183444
110,3414.3596908921945
111,2038.1709344507924
112,3286.971762063024
113,3513.6112625937317
114,966.7427948147006
115,3068.8524153760673
116,3560.8535084267096
117,1819.5189024330944
118,2987.2791144215767
119,1897.0672997319866
120,1607.3202866827628
121,290.0258068900826
122,1942.3111585728534
123,2983.628968654629
124,366.9042764157124
125,4187.598181487747
126,2106.7947488432746
127,1295.3369792591182
128,780.2964400117582
129,1468.408544380517
130,2268.9944204437743
131,1108.9665864034823
132,471.04577170682273
133,723.1321858692761
134,2565.0038872764226
135,2780.735338854596
136,2034.3646717505603
137,2226.178563046998
138,2304.0804789254253
139,2626.59202737547
140,756.9836414614339
141,1082.1511394025638
142,1040.2099134112318
143,4526.345439117999
144,2021.1946778887773
145,1517.1354177420644
146,592.6967165834128
147,1116.6090405940472
148,1833.952013249977
149,2386.624258862773
150,3169.862436145133
151,2753.298636678376
152,523.2573181057849
153,4151.37534506886
154,3210.772406310806
155,1602.708170435035
156,1473.5666363973337
157,1505.7850999032555
158,1882.5988430189027
159,2194.7117095912163
160,1389.120258201764
161,1802.27586376211
162,1068.897776903038
163,2997.7754490742645
164,468.6711892017862
165,1988.4196424621919
166,2708.3129911356773
167,1972.3917459810546
168,2676.842443952023
169,772.299794220857
170,1675.7088476631282
171,539.3855002065393
172,2490.815899167885
173,1312.1660866024436
174,3643.047633243492
175,4721.662063296835
176,870.14198725026
177,2862.65460726104
178,1012.541221220232
179,2207.7416538879506
180,2597.6399849768222
181,818.1568433879166
182,2445.6115678269625
183,2136.1463270332843
184,2043.568076160664
185,4744.12747600126
186,1546.8322026032324
187,1464.809740215233
188,2559.6623897935897
189,1334.1785670462828
190,3354.1667798766766
191,1707.3498071592057
192,552.7934708144735
193,1903.320506079439
194,4005.6979953316786
195,2401.7405884327054
196,754.7003478011274
197,3075.422614442157
198,756.4044553042354
199,2479.763049650351
200,3320.951822816168
201,1802.5814749143417
202,3350.993303603904
203,1612.3125803313255
204,1709.0888657015896
205,3957.8906275082863
206,4468.707901572974
207,1920.5363529820868
208,573.8368801521467
209,1156.7011471286391
210,719.8998655870671
211,2406.6246713375194
212,4213.907934955925
213,1814.0961269939144
214,1237.1846697114433
215,1015.40281073495
216,978.5363530444802
217,361.6433858912027
218,1385.4226330812078
219,468.18054315793574
220,338.98327091302144
221,2643.1979451573984
222,1528.1922105919948
223,1827.0212604115063
224,940.3648599664634
225,1375.822932104506
226,3501.8271100132592
227,5562.951352831937
228,885.9471487693484
229,770.5035112442931
230,3752.7723622236663
231,412.53824716006494
232,4978.587661906069
233,1421.0216262150184
234,2978.088816956465
235,2237.2464825046263
236,436.63781570456473
237,855.3566904954541
238,1605.5303856148835
239,2309.9194079475537
240,2470.201875885283
241,3104.0663874990873
242,887.5680709875039
243,3052.448746187457
244,1433.9789514976894
245,1932.3079578286706
246,5643.345602711199
247,1946.7169759901958
248,401.1071189863416
249,921.5000846704431
250,5071.592370372084
251,2281.504459310538
252,2513.8361142559124
253,775.3936928321956
254,1681.0350982141204
255,3372.5787028174736
256,2632.2566466448397
257,2682.4446896659483
258,998.1523325359119
259,1052.8792973467566
260,2276.0673918088046
261,1334.2563882304426
262,3398.832023263448
263,2177.037651727611
264,1092.7651320087589
265,1627.8025305919418
266,961.9735468873602
267,3187.8835870287985
268,4241.66000907892
269,1225.4613480174144
270,1528.1151242938984
271,1950.513269193165
272,1664.8835592174564
273,2484.15662793668
274,2523.9448748564037
275,1694.380252960098
276,2029.1033713737402
277,969.6070154738247
278,1917.7006768581934
279,2952.3065024875705
280,3913.125715196854
281,3296.3335241907153
282,1697.7875970309606
283,1547.9077426210586
284,2900.756848381024
285,1063.9563060969244
286,2305.2211294474037
287,2297.18769660899
288,1611.6752874050248
289,2298.076335752864
290,1147.0833286480313
291,2169.986869680855
292,1919.366213730028
293,2807.160420240267
294,4457.614151542133
295,2517.5795255604335
296,2879.2740307893428
297,2020.102658532794
298,2300.5725647420404
299,2508.168250448644
300,4239.8750191828785
301,4232.005287667465
302,2955.6194845323357
303,1441.383488643904
304,2347.732296644379
305,3443.157051674797
306,1206.362878190821
307,2314.2675649431176
308,2169.728153677478
309,2351.6100719776887
310,1728.0939395139894
311,1342.0258088329092
312,2715.8312218640767
313,2062.1627848960215
314,718.3472815211755
315,3067.667713918732
316,1516.3289412312824
317,3581.805809716302
318,1695.5605441039268
319,2372.2436833074926
320,1668.0230913022428
321,1492.7585552768453
322,2497.3321062981186
323,2941.6725481743933
324,536.9262340851955
325,705.9980976811739
326,3229.931494887131
327,843.5184684939848
328,3577.8203398885626
329,1903.238242736661
330,1072.0440931471016
331,514.1473143522381
332,3683.985915927651
333,1467.7747166852741
334,3858.543953262041
335,2887.3005349786204
336,874.9852080083024
337,414.1833923505561
338,715.1111972081976
339,1728.6632483441126
340,2438.721111390626
341,2436.192668313558
342,3318.8512908343737
343,5561.4427949448145
344,3385.7941534319143
345,4092.838430091503
346,2187.75887498677
347,4347.2984046810625
348,5867.906344376894
349,3806.6563327785834
350,1759.026734618943
351,1671.0416750886457
352,1481.3138044282991
353,2538.4393534162737
354,1429.274519750853
355,1547.200533406918
356,1382.2105227173922
357,2399.3854371108073
358,2292.000110625576
359,5635.210191530241
360,2248.811941806628
361,1256.526148996886
362,752.447560632205
363,4062.535860202899
364,2792.030808305597
365,1769.5425654509418
366,2593.7422347954202
367,1139.8803100307127
368,1577.7045261942112
369,2562.063411693556
370,1966.1804135543357
371,1950.837195030635
372,1624.7139738068659
373,2852.1124063598354
374,856.6740445196668
375,3471.329323179747
376,1209.6274715326203
377,1344.312486644159
378,941.2595199191389
379,1785.1990613846335
380,2542.2576278268716
381,732.1857241346441
382,3515.674227621842
383,1613.1830822488926
384,2513.446794024644
385,2420.66884596872
386,2393.421913341371
387,4072.379860537154
388,1585.423856858943
389,2125.2819022558874
390,3521.2698637778394
391,2458.013268113372
392,1146.4856366895642
393,1566.66218906095
394,1902.7321806337602
395,2495.821491668871
396,2147.432570665571
397,1162.475022691219
398,2119.303862514515
399,3729.132099840066
400,847.0306930990807
401,4664.093468669418
402,1740.826094091276
403,3876.188169169016
404,1983.0197836428383
405,1154.5747426742018
406,2686.6449141404205
407,2503.3345359824343
408,1068.408043629543
409,3194.7226988041684
410,2686.709609135071
411,984.6153283450757
412,1590.411503968503
413,1587.0861733485626
414,1688.258111804987
415,3375.498070895893
416,594.2951779760918
417,751.953873701855
418,921.6954109181631
419,2373.997888450459
420,1516.1588012006885
421,904.9525978330503
422,1601.2301351965996
423,2965.1908975020287
424,2052.510863452915
425,1590.4886776466153
426,2638.0691871834924
427,2961.9640556455297
428,2227.1069927169337
429,1769.925695697436
430,2127.3328977277265
431,1926.2766124002187
432,2141.866280887486
433,981.2571087257268
434,1713.439534665662
435,2506.577219576032
436,2701.791095140368
437,885.014466955883
438,1015.1704572430092
439,1332.5215998766048
440,1772.7719455530391
441,2000.3154961078853
442,1602.2172372028713
443,1327.015764621406
444,499.8294619701256
445,3931.202167685349
446,1806.8506195256573
447,5253.534220019895
448,5817.3159306446205
449,1181.122043107051
450,1089.4993887831101
451,2898.598458644017
452,1985.7912958713684
453,2259.0771483652325
454,2142.6983395934094
455,587.8665337657003
456,1695.6913017718773
457,2401.6906992896766
458,493.8332602499511
459,2137.6584752805093
460,653.0996591221754
461,2010.5513739724627
462,3269.9718876317775
463,1438.9873019951715
464,856.0253507532643
465,3024.7667546193975
466,1323.0030938643895
467,1539.8297670845664
468,1434.6815859586845
469,1808.6918224848787
470,1217.3340448697536
471,1325.6378838856995
472,3052.3362727726294
473,2270.1500565886245
474,3052.6190664570477
475,2104.597583047327
476,1343.5009446903878
477,3510.254904690205
478,2162.284925445133
479,652.3203027047755
480,1619.1444836222836
481,637.7227984788383
482,2599.2900214650144
483,583.6374362215798
484,1428.604660549407
485,593.0999574843133
486,1689.2770179050844
487,3058.774001961777
488,1045.8176694809795
489,2111.803458807827
490,1505.8935859437497
491,2493.0450292674122
492,2606.942086208388
493,1989.5967249107707
494,3624.013628836128
495,2051.5737076449914
496,2979.395516846838
497,1766.665579617189
498,872.5572542423079
499,2456.896784894715
500,1710.2567316424756
501,1058.748219330222
502,1951.9331480006017
503,797.6543908508031
504,5230.271988137906
505,2168.586808892216
506,3378.10760452274
507,1221.7369950703883
508,2795.183839670438
509,2388.9936906455414
510,3695.9772246663642
511,2247.2931831973356
512,3999.9253773090322
513,1369.606885255157
514,2469.0957274347425
515,1281.4907519063004
516,2471.7768141884403
517,3237.2209255210423
518,1252.1910613942441
519,4010.7374790677177
520,2662.1655882435402
521,2859.6394159726965
522,1148.760548298088
523,1573.210547974848
524,3800.2494493087715
525,1700.3953663220009
526,1341.710394970958
527,1834.625080660103
528,828.6512319611784
529,2475.2098778590876
530,4591.488749509481
531,3504.2500648733576
532,777.9723136647722
533,3890.6656640060705
534,1843.7105115907739
535,3123.838389421606
536,2421.1561915206266
537,1670.2717151658528
538,2287.127694544714
539,2645.2567437125235
540,1377.2251335370465
541,2213.5382978325542
542,1935.4582382711883
543,2532.20412427678
544,875.4412305298258
545,3170.6326935281086
546,3181.045971453862
547,747.5896533453167
548,1698.9408139961797
549,855.699941259575
550,2627.240859009122
551,1510.6468974315012
552,2994.7319674612772
553,1066.7629532590195
554,3381.905151400884
555,1095.7023111904705
556,1586.336493329607
557,1951.442459343638
558,1936.0208365085746
559,897.7246408955026
560,5513.683282255191
561,1473.0617227337843
562,3304.4662547197477
563,3428.204212674894
564,1851.794128556086
565,1524.0629268763162
566,2861.2652195125047
567,1123.9088909197876
568,1643.1587046607067
569,1483.0670113698307
570,2375.6962135296435
571,2203.1225235026704
572,2653.3672768468023
573,3119.0542285237043
574,2874.0749539304525
575,2946.018302537242
576,1621.3309227099112
577,1477.4556737991297
578,2758.851281294786
579,1716.7384577605994
580,2136.998242877058
581,1184.582786517652
582,2304.594198005434
583,4345.487265501577
584,785.7773137212316
585,1441.63694451218
586,1304.6485519642138
587,1301.5566303345804
588,3091.0123591022966
589,5470.615748393442
590,2059.904774217523
591,3297.4001709882054
592,709.3720094966152
593,859.9049086955798
594,3444.683511957278
595,3255.0673087409896
596,2559.8610016773246
597,660.1126317834976
598,1629.280779595429
599,1692.6619740571114
600,313.56236610769975
601,1886.6166717982283
602,2033.8056566737719
603,927.586455249897
604,3281.3933589830567
605,4316.535652072667
606,1128.9277765945508
607,2151.0534398076184
608,5634.1004740327535
609,540.6814637039662
610,656.4981829058476
611,1677.64748885584
612,1447.8708106493796
613,1012.3046189121636
614,3412.65422659894
615,2517.041234246787
616,5070.670794448022
617,1782.1407454832986
618,1180.9504522274992
619,3161.4619105829224
620,1808.4376937108432
621,1412.8185628622432
622,1742.1101001079628
623,918.4491237635896
624,1925.3851424851537
625,1954.894177167033
626,1708.6560006634056
627,2302.3882868070477
628,2634.8929101832346
629,3877.5876040816684
630,947.5568247906631
631,3152.8617955713835
632,2475.278451195308
633,3982.8154037149316
634,3607.5834986301134
635,648.1515408973651
636,1413.876092427306
637,648.2886600257394
638,2693.339178221746
639,1623.634826499856
640,1588.8512851261708
641,477.00602222251644
642,4787.159670689283
643,2076.3697306999843
644,1562.9225556542501
645,1915.0954867828052
646,1165.0519337590358
647,583.9568346206145
648,645.5072757647764
649,3407.612815738811
650,3579.6547979541756
651,1326.0891236136317
652,3125.519520912309
653,973.3359371242314
654,2531.1958040031996
655,2182.410653380537
656,3619.745108183194
657,2555.9095840325244
658,1055.4693198936868
659,997.1460785616263
660,3632.8069434822237
661,2667.2332122822536
662,1185.4209533611283
663,1941.9961364107662
664,1286.080531970942
665,5169.923524507738
666,568.5606436313535
667,2932.6584748450086
668,1553.0562693100653
669,1044.7360098824915
670,1565.9043052076022
671,1278.7430075329244
672,896.1646186043811
673,954.224506885425
674,2476.5244934331436
675,2092.3607379373584
676,3441.7407616184682
677,3102.4403155636383
678,1539.9906360093114
679,2009.3908841737234
680,1310.5360794655799
681,4954.128962331493
682,1639.4473007178062
683,412.21005172964874
684,1189.3352959120407
685,2586.144659883412
686,1839.6331284177222
687,1883.9202849495973
688,2170.382296673306
689,2901.562735832977
690,3394.303408259314
691,2365.2284490236966
692,1429.3256352468143
693,1347.56624724237
694,2280.225843038924
695,2362.4914898980746
696,1634.1718172782125
697,3503.5958466154752
698,1433.4810880510072
699,4346.5813309155365
700,2731.416010333705
701,3907.8535945193826
702,426.4621393361734
703,3832.2142474269726
704,2330.852180939307
705,1366.868485994139
706,3939.529011676843
707,1441.927193111931
708,2382.1465821186007
709,2396.8091502638986
710,2472.505714990886
711,1299.3096503783381
712,1802.0465062923167
713,1625.250869955371
714,1885.548769140951
715,1401.239313610099
716,850.5369101706026
717,1484.0661108195795
718,1694.6714222312858
719,1370.517741498727
720,3930.0854102472804
721,2703.379317312351
722,2445.9256278263424
723,2024.0550713774505
724,4740.697844580665
725,1042.4163995284102
726,1256.8948311148504
727,652.1184677714981
728,1530.7400097587538
729,3193.6894231405563
730,2738.6670231986586
731,353.06549898972827
732,1799.1089775775274
733,1741.3926726063137
734,2722.8018137302643
735,6652.251222439515
736,2915.9883685769287
737,1421.175152290205
738,706.4252811613454
739,1392.2688262129482
740,2357.1815614466095
741,2453.799718311685
742,2138.6176665398607
743,623.5105178167566
744,2381.2150469400667
745,2894.992285973837
746,3591.958516489224
747,4392.616545274835
748,1127.7656345400069
749,694.4474888155319
750,3041.1503506159333
751,1393.5701001788275
752,3326.708366868619
753,1157.9309823482004
754,2838.8337126686756
755,1070.9204558513245
756,1052.365366085739
757,888.530687769564
758,1345.3347787235457
759,6900.912678222314
760,2392.652903255349
761,1005.0411546891339
762,2849.4490331999805
763,2759.1876172222583
764,2359.5660088268787
765,2275.4978027880043
766,2709.026160112724
767,1204.670716358732
768,710.6902871708336
769,3160.016124293055
770,1281.1036322114282
771,1546.7250067469863
772,2603.042676806478
773,1059.5365573397467
774,1805.4390262482664
775,3966.909467468685
776,3599.658641069331
777,1966.571892892776
778,1940.7838820896213
779,1499.2506848882754
780,3555.6806339094
781,1854.3221031142064
782,473.21747478740565
783,2687.87101201494
784,2315.830736989382
785,4048.5694107376894
786,2769.7083933943413
787,605.1060581316785
788,927.5292997512095
789,1017.1844079063653
790,1364.510433571521
791,1121.656385852494
792,2498.2857630587396
793,1737.3985340562244
794,2084.2126114001867
795,4136.247724105982
796,3869.6377769058095
797,1443.1269490471248
798,2226.598944123496
799,2117.6554610233993
800,3446.8309077282192
801,804.683104880641
802,6612.259814050105
803,2469.925599585429
804,2064.9841407839876
805,2879.8491858623984
806,1547.6709252040882
807,1175.0402522114218
808,3201.7187288793994
809,4328.283736055934
810,1907.968717488236
811,3370.0129585446457
812,593.1197519624295
813,1618.5277962689356
814,2195.9636917586436
815,1109.336417672198
816,2171.436118138362
817,3602.981106190756
818,671.894240235798
819,3053.5188095268322
820,3026.68728616349
821,1421.1002508113
822,1072.149815110264
823,3057.0488446780914
824,3726.9551941843374
825,2849.041351816543
826,1290.2637763442185
827,1999.6045572139988
828,2359.004212600038
829,1728.9295001092369
830,2007.8391858749355
831,1825.6672916087741
832,2796.8349165449094
833,1614.553644263736
834,1385.0507821040635
835,921.7201943582252
836,992.4140283408569
837,604.2318901510591
838,729.205167879677
839,3921.486314144794
840,2317.688262208002
841,3722.396614092271
842,2445.4052627015744
843,1336.0307572983506
844,2628.7434406633292
845,1934.1157038091433
846,3055.371774061941
847,512.5341159085217
848,1631.521067442447
849,850.1248475019329
850,3563.576937802174
851,1107.8084888608814
852,2342.745015084199
853,3023.0990309832973
854,1867.2583717774964
855,417.6091953233565
856,1856.1374545460226
857,1160.5776415919097
858,3089.785867622058
859,1647.063194360826
860,1517.548312087591
861,5331.736843144146
862,2056.176164302397
863,3110.392800087241
864,3696.2986752412166
865,1393.9662156716531
866,2215.258245396749
867,1692.0678564887983
868,1787.318149198887
869,1414.1492435575576
870,1598.8214568827789
871,3163.2215153205134
872,3270.174320807353
873,1002.332765094615
874,1237.7877759472117
875,2226.3467698255145
876,1331.267216785427
877,1299.885091971959
878,3135.1722772031003
879,2130.437741810786
880,711.4859526066416
881,867.1411654316539
882,1767.1353855779676
883,1470.975226783909
884,2242.1394245455904
885,1335.2536154014815
886,1590.288595639497
887,2239.091768307443
888,3131.47766426993
889,1414.6905596918914
890,1069.8908053691007
891,481.42858682363305
892,1046.889781170783
893,1997.8923303975728
894,1219.7746825560782
895,1536.6017890492271
896,1894.166432519602
897,729.9552793717567
898,1062.6080723950924
899,1288.3081535643473
900,3233.7679654293006
901,1769.1090985501694
902,1889.440934405459
903,3699.1007667883405
904,2258.4493574002463
905,2337.207581003208
906,2992.055306450762
907,1526.8096578592738
908,1878.0114001748166
909,5280.169658902527
910,1598.02384920931
911,5360.38384738455
912,787.6153099254896
913,3174.307562318447
914,1006.3643779147321
915,481.2859929401802
916,2875.841444660503
917,1118.3670077877769
918,3890.3433346116954
919,3745.2422618607834
920,2794.827077078249
921,952.7124516835106
922,2116.0106084540157
923,2105.0090058882165
924,1187.0413418214023
925,1661.5645310183522
926,624.4383738232083
927,2834.7418728828966
928,1732.8833929550706
929,1172.9773618606512
930,1381.646895214245
931,3463.8492885027827
932,1417.965097619268
933,941.4691576600585
934,1021.5946751328695
935,3417.5236171107485
936,2001.7796033640911
937,2304.357181843222
938,707.7033380289582
939,2076.759289852587
940,3175.9629531859136
941,1892.3326922940855
942,3908.267866082484
943,3446.580340341652
944,381.54146728808297
945,1191.8772133391867
946,1953.1651987823277
947,1931.982270788462
948,2490.199450814299
949,1914.6891594826823
950,3906.064865473209
951,2659.736058976391
952,1001.9757437728128
953,476.3454095300043
954,1715.1366725297644
955,3922.5725658151737
956,2384.0903023856745
957,2421.4265810878196
958,2417.5541641114996
959,3000.051277424255
960,1098.8738256146198
961,1923.0255274881415
962,1074.7376764768699
963,1622.7987779088107
964,3266.094730831613
965,2138.2300684128277
966,3608.4807508365598
967,799.9437183913417
968,701.8297115473722
969,832.9863541915504
970,2226.889410027315
971,1898.0762228638737
972,2461.0047499807088
973,1607.3646520313619
974,1125.6429431810423
975,1964.40510218098
976,1172.9982136252543
977,542.2598026735784
978,243.95654746117748
979,1031.7498417367385
980,2226.1109933733164
981,1535.2457221025206
982,6251.309844081616
983,1239.6518926305926
984,1338.9447215698708
985,2535.77543979055
986,744.6994055573522
987,540.6718372816777
988,3758.7718689629924
989,2949.532523459306
990,1696.8958610230543
991,2760.634631386566
992,1093.0550983583826
993,650.715520987749
994,1228.9437925589978
995,1774.2807633800098
996,692.6023975109204
997,1277.1716363088594
998,3651.0452645364057
999,2424.7925079355564
1000,2173.7448435605156
1001,1119.8593203843957
1002,1316.5335375563736
1003,643.5878304326629
1004,1094.3059868883456
1005,2441.784092877425
1006,1395.961343591457
1007,2777.3700876820776
1008,3196.96305955292
1009,2942.9540157368174
1010,5332.534320773582
1011,1573.1807337714947
1012,1885.5596663735994
1013,4401.4401977823445
1014,2474.003223062142
1015,4846.838423066625
1016,1859.7388553995554
1017,1248.1666895209382
1018,724.8908529129321
1019,4174.017470589262
1020,2324.062885800093
1021,2089.961332949875
1022,2758.945463120104
1023,2868.0660066782807
1024,2023.9644305766292
1025,2151.9716436858967
1026,3484.6701522780486
1027,2003.8805073806875
1028,1610.3712087706515
1029,1100.5465384483246
1030,3215.4150603660364
1031,3431.609060762724
1032,3204.487905837196
1033,1952.3339259121117
1034,656.90333347564
1035,915.3499367411836
1036,3165.112495698081
1037,2415.8641911587733
1038,2968.6151048759257
1039,1098.9647191146807
1040,1039.3237459893537
1041,5559.957405113153
1042,3528.2700358252273
1043,684.6794960323523
1044,3765.053733662477
1045,1845.7057100973539
1046,3544.4836302571293
1047,1311.7659277841237
1048,3234.8134013742037
1049,3378.824264214548
1050,1633.4929722788831
1051,1207.2694874125448
1052,758.8531613776125
1053,2033.5776088058165
1054,4958.957790281209
1055,2298.9716613974624
1056,1380.049842174777
1057,4836.0136312455725
1058,1354.0371139951726
1059,3987.8732888217587
1060,1253.5624593246598
1061,2933.8277784209777
1062,2458.8428538008948
1063,2210.0751499413523
1064,1690.0089556123958
1065,244.679059450745
1066,1458.1989476010472
1067,813.8496935449307
1068,2324.3188735358835
1069,356.4540222495781
1070,4041.277368353066
1071,2400.0109192289456
1072,1502.0111137093743
1073,1237.5309999338072
1074,2763.2026833394057
1075,2999.590959754626
1076,2242.290389950634
1077,3252.5099199657543
1078,2759.587201255523
1079,2601.880717444129
1080,2095.0761698457854
1081,3635.7132207604
1082,728.1151864133933
1083,2757.4919439101072
1084,1342.1097877977247
1085,1558.0044104458966
1086,1130.2496921852467
1087,3351.7193662199265
1088,2356.736655830526
1089,1713.3742491078146
1090,1082.9314329867154
1091,1747.127997144974
1092,4414.499887507316
1093,1514.7453163855685
1094,1031.3859687719282
1095,681.7887185506413
1096,955.5185830176933
1097,1695.8669616513093
1098,2211.3817338352546
1099,2544.880151522916
1100,2115.597666574219
1101,2497.024581486186
1102,312.02046600307966
1103,1724.367425359852
1104,3955.379346360909
1105,1414.1430689274043
1106,2185.8604455670593
1107,2465.390963243918
1108,1582.1393685109483
1109,1350.6903729408496
1110,744.2436637032386
1111,356.53226519325267
1112,2789.518455682359
1113,717.3044275897256
1114,981.892587805648
1115,3474.8310945749113
1116,2733.2513240484777
1117,2337.480347057501
1118,1418.1219187854654
1119,4554.35502697676
1120,2825.0776419687218
1121,2804.3659128296777
1122,1293.8812086577775
1123,2472.9905399829704
1124,459.66301182274526
1125,309.70253477249463
1126,311.0544221747225
1127,853.4484485318332
1128,1935.5144467291343
1129,1223.0075145994356
1130,4653.169777237938
1131,1704.241686003876
1132,1372.4585578790113
1133,2765.9917052495084
1134,4050.57947410413
1135,1716.5746346960918
1136,2047.4313404603663
1137,755.1675335326906
1138,941.8621523417571
1139,3830.7886279263685
1140,1522.9596731053605
1141,3310.568585622147
1142,1256.6874422101123
1143,1419.7024629889397
1144,1422.2258956133614
1145,2038.6711742806042
1146,1663.1719611879803
1147,1682.657070801479
1148,260.0333241195789
1149,2714.556264126072
1150,2273.6759800191976
1151,1793.8870189674196
1152,1392.6899276476147
1153,2816.812717443934
1154,3021.442844561171
1155,2271.263217628111
1156,1958.5688810320594
1157,2499.166588603196
1158,1864.204700039083
1159,3333.993657097089
1160,870.7960241143599
1161,1034.1744374160862
1162,1840.6729914843158
1163,2870.1813636451525
1164,2846.2565607703136
1165,3144.1580211313417
1166,2801.325675462076
1167,1288.557929580144
1168,1729.123037123661
1169,3170.07971146231
1170,4690.814752735934
1171,2596.938506144282
1172,1744.393097085907
1173,2990.456248648166
1174,1785.2487754504932
1175,888.005110861749
1176,2849.277640922056
1177,3447.722898428107
1178,2229.2471300994325
1179,1774.2534778357067
1180,4259.693099893794
1181,1597.8304333689493
1182,2029.8952365764246
1183,3834.078499408063
1184,2216.316194776957
1185,1042.986871004112
1186,1433.1394164333178
1187,3481.587866598109
1188,1658.0523912814542
1189,4783.478580418057
1190,2481.020797524917
1191,1186.592583315121
1192,785.4733511318759
1193,2001.7792916633096
1194,1377.1040428923639
1195,1927.311855425714
1196,873.6829692477814
1197,903.7595944735413
1198,1393.7780413537039
1199,1560.993580984239
1200,2796.098635641154
1201,1644.6718369538312
1202,1397.9771469359284
1203,2652.010516988386
1204,1668.4200631450813
1205,1803.9418150438776
1206,2245.5939162366067
1207,2410.637058217665
1208,1541.6759922748097
1209,2277.96263721385
1210,569.9063022336736
1211,2085.124834104431
1212,622.7056961029328
1213,931.6486168663356
1214,1898.5858850418883
1215,3600.6380580468235
1216,1587.3767305195609
1217,1027.7135904509696
1218,1552.699021545382
1219,1169.7932046162066
1220,726.361864230964
1221,512.119706382707
1222,4844.278974320372
1223,1801.919414468783
1224,2215.3042130639396
1225,914.2759270415263
1226,3598.165330209539
1227,4052.373936619825
1228,1445.213600941876
1229,1765.5124900515298
1230,2528.0843355309858
1231,338.9727476084727
1232,1851.0887335079135
1233,3185.937380174842
1234,2727.9792341514085
1235,1709.8509252407503
1236,5561.372796104961
1237,3030.0542338965715
1238,4094.9044056908706
1239,504.00837150230706
1240,679.9584433796192
1241,1481.9801407519572
1242,1606.7671046470655
1243,1903.313490640906
1244,4696.103748005229
1245,1758.4018235099325
1246,2285.0411592385517
1247,2528.616955541368
1248,3937.458226796707
1249,1616.7717503110232
1250,3316.3003042569253
1251,1720.8697819200447
1252,2129.1912008711024
1253,826.4667629942272
1254,3330.7150491367806
1255,1982.146510018165
1256,3343.6012308563404
1257,3742.047128979736
1258,3107.583266655561
1259,2324.807287984593
1260,2301.736944240628
1261,1181.2797153299937
1262,1819.6663827984353
1263,2323.0955335566346
1264,1268.0081264812534
1265,2721.1238041544257
1266,170.9840257144685
1267,1298.6225402193058
1268,2845.4947593470597
1269,423.93996348553907
1270,2549.6758963810657
1271,3940.1382172519825
1272,1171.1754904216275
1273,1983.0996356141627
1274,2427.1571934306207
1275,2077.260101111227
1276,1102.304653181588
1277,1792.4547206699167
1278,3589.286333408861
1279,500.1588124576184
1280,4528.753341835106
1281,3448.5848452273694
1282,3564.3059033933005
1283,1014.7623915831145
1284,3445.7299594951437
1285,574.7746106766779
1286,3108.5755844795963
1287,1476.5803882464156
1288,666.6180631690606
1289,2404.512275824683
1290,1604.0454285010615
1291,2398.4068568520797
1292,1737.0094893555372
1293,1189.2746039049587
1294,2388.778694264288
1295,4502.410920380837
1296,2354.1824834760887
1297,5261.9971345642025
1298,1073.062509512787
1299,760.4719861959115
1300,3489.8235753201766
1301,2103.349943268773
1302,884.3372575589358
1303,5513.762921278561
1304,1470.659017025484
1305,2076.6391981946635
1306,1601.3640572381464
1307,2055.8196055997455
1308,1336.9652907069694
1309,2729.6457783361366
1310,1775.8062080621767
1311,1150.3286681674044
1312,2388.4450750687834
1313,1968.72394952174
1314,618.9121380559985
1315,1278.3573816000455
1316,1424.057612145811
1317,5019.1141592927315
1318,2432.656999468719
1319,1632.1153410257057
1320,1631.6642540011635
1321,2601.0039523382115
1322,852.1722188402491
1323,2048.136770871236
1324,1737.865688439075
1325,793.3851169418709
1326,1421.5425520278432
1327,2052.6649803379737
1328,714.096162501644
1329,1140.179228471495
1330,1953.7988265567094
1331,3986.459074140501
1332,2488.5972679036495
1333,796.0832298830001
1334,613.9379874698577
1335,1518.1232752502306
1336,2449.513237476329
1337,4011.18817683406
1338,2499.587417667025
1339,1488.2324282316104
1340,2875.361259016053
1341,648.1519410169236
1342,564.1439904373175
1343,724.3516899396805
1344,1149.2294355799431
1345,988.0130818775413
1346,1487.6171892211132
1347,3440.1028705965864
1348,1983.14811198246
1349,1207.0901496016559
1350,1192.994099160273
1351,2561.877514911061
1352,1672.2162738902243
1353,697.6703408616025
1354,1096.35428504928
1355,525.3575541132653
1356,2584.4256632368533
1357,1615.815628655805
1358,528.0533800886233
1359,2249.6757195775617
1360,2459.5949438057796
1361,981.033876200449
1362,2100.2049915013918
1363,2060.5811276983277
1364,1562.027386454019
1365,3140.8252047131073
1366,2097.6524886657858
1367,4834.336013221731
1368,5491.048738062253
1369,1690.0321133861855
1370,929.5546945982494
1371,1566.048855053408
1372,2820.4502874638956
1373,3513.5152447385826
1374,1798.5043514200968
1375,2457.062339957047
1376,1754.0102043700463
1377,1129.3693556001188
1378,3477.6623708763514
1379,1550.2371946506582
1380,1540.3685790565094
1381,2200.8265299532895
1382,2809.5367521262933
1383,945.8243537625302
1384,3250.534695288025
1385,1124.286156405116
1386,353.7832702837994
1387,2195.9879545550857
1388,2538.589631442513
1389,3761.6536405409297
1390,3890.097896773351
1391,2343.4547728559874
1392,1714.173143582232
1393,3284.463200935732
1394,4385.576187707466
1395,3556.6423094366087
1396,1909.7358866657742
1397,1692.3887371297787
1398,2144.8498820635723
1399,5714.453099450939
1400,1516.4534382368115
1401,4889.398247179269
1402,1622.8826879052203
1403,2011.1727862773455
1404,658.1626249746064
1405,3164.999790576335
1406,2365.225029850404
1407,1962.3834850219619
1408,1222.5339767336955
1409,707.9900408411529
1410,3099.24827520088
1411,2211.638807894257
1412,851.7465472492169
1413,2523.2956730831984
1414,882.1647020320826
1415,2847.1318384822744
1416,1384.8190490326492
1417,2723.9613220848228
1418,1018.7932515863328
1419,3397.4099401942317
1420,290.0192928670889
1421,3464.0714634081037
1422,1750.125640369232
1423,3373.813133336067
1424,4013.743270239025
1425,3163.166904222674
1426,2134.5000075583666
1427,2801.315085887836
1428,1531.8623075221958
1429,3807.805756693888
1430,566.5533152615874
1431,932.4195812487259
1432,923.1153590696142
1433,1246.4040520201665
1434,2309.3481583651483
1435,1461.4628333587243
1436,3155.32629378778
1437,3587.7706874443516
1438,1801.6639146632847
1439,1395.8589991642152
1440,1988.316566050489
1441,4731.232348544585
1442,1362.172172128081
1443,2225.587255339137
1444,2028.7152820425815
1445,1954.572399177232
1446,2121.2699859321547
1447,1671.2105649502973
1448,4877.476295921615
1449,1966.809742942242
1450,1890.338261790191
1451,2171.126961785634
1452,2106.5035139906613
1453,1762.159736481682
1454,2170.022917869128
1455,2875.7204133185096
1456,2254.4566871285206
1457,1852.1975950724573
1458,2178.7242132245065
1459,1455.6436060144406
1460,2097.60759355655
1461,1140.871277394739
1462,2621.1798042837554
1463,916.977448561639
1464,2991.326712513611
1465,1712.5789747747676
1466,2259.8042367724665
1467,1641.4627706262117
1468,1287.5913116629235
1469,1733.3611449207397
1470,1792.8886961836279
1471,2089.191665667313
1472,1678.156048788901
1473,862.8041402567712
1474,1172.4029984172448
1475,1151.4574378801144
1476,629.0306725420389
1477,2795.0924648915307
1478,1922.138053880685
1479,641.574607005982
1480,1876.7988145450752
1481,2880.4937335448262
1482,1075.9210470507596
1483,2041.4568211155233
1484,3213.1908508261677
1485,1783.8310266934539
1486,1455.1645993789755
1487,1217.8811268211882
1488,2527.0791062373614
1489,1501.110356297931
1490,3187.0775645792537
1491,1108.6851033349699
1492,748.1052305002171
1493,2331.4625825495214
1494,3138.3138507428544
1495,1248.7989737339678
1496,2022.9677365041675
1497,1026.2556040561326
1498,2025.6454222078157
1499,1452.308275951398
1500,3722.6627511807637
1501,782.4323870093596
1502,2065.4300251179607
1503,1944.9107165412115
1504,925.0844649363883
1505,3506.2405963427527
1506,2672.7050127232787
1507,1774.4160851775366
1508,3290.677970007998
1509,1537.2341758492462
1510,960.661679014136
1511,588.2276997791009
1512,2102.199323919376
1513,3499.246982497443
1514,265.936184549626
1515,2189.686386262977
1516,1352.7515562276178
1517,1789.1609859192222
1518,2585.64920046934
1519,1737.1822140437807
1520,1264.6261771826175
1521,5871.181975287294
1522,3914.938094128189
1523,1310.4117965747905
1524,1606.5819264720712
1525,1755.082539631406
1526,3151.5775751617343
1527,1995.7161702330466
1528,1362.7798692237757
1529,1105.3852258931902
1530,2360.6765508987105
1531,1478.1280649608825
1532,1120.9964501236882
1533,2911.3738241962437
1534,2147.369865521964
1535,562.1674194184054
1536,1596.4445327948056
1537,1984.6195840705186
1538,2324.1093604201815
1539,1375.445555993469
1540,2823.6636291691943
1541,5245.126441434633
1542,1030.9817486614752
1543,1650.465332399362
1544,1257.544283932561
1545,1765.2215149723218
1546,3439.165697835733
1547,1613.458220753227
1548,3341.113707153475
1549,3210.9004025187196
1550,2841.546935627716
1551,1657.1606947238383
1552,1821.5634659750633
1553,2933.8522644842515
1554,4999.310408706804
1555,2356.3721092921055
1556,1886.4058367582256
1557,1680.1342181549348
1558,1613.0999836661604
1559,602.8650078945491
1560,1182.2670348639444
1561,2081.674811256499
1562,3728.730154459894
1563,1154.055884570093
1564,3102.0090117290983
1565,2549.9628503078334
1566,1363.4086740276343
1567,1737.3753782754045
1568,2294.9877864163905
1569,3006.628254237975
1570,669.0205581963328
1571,3427.156241988763
1572,3288.5159451255918
1573,1227.1221182257232
1574,1662.7311418195427
1575,2625.771330370202
1576,1619.8830819939358
1577,1447.784514155516
1578,4752.417704427237
1579,462.7723070348616
1580,5780.547907187243
1581,1588.1477709838491
1582,2788.6378092899267
1583,1645.8833995527107
1584,2641.375426068914
1585,3357.380710638983
1586,1101.5466227666147
1587,2694.8860773614642
1588,359.74825679511855
1589,871.6162922386598
1590,2957.3221012475024
1591,972.8376485798475
1592,450.41934004130485
1593,2109.960462883122
1594,590.6451583565606
1595,697.0079962769023
1596,1203.579564098497
1597,1884.4267019019696
1598,1278.5687225339639
1599,1598.6440962074307
1600,2294.3946011942917
1601,1185.827420073587
1602,1537.7564054473648
1603,929.2159821905012
1604,3718.773439716477
1605,2569.185428666659
1606,789.7710150126923
1607,2389.3854206627248
1608,2946.2718174569754
1609,2089.22093128362
1610,652.0893721892689
1611,4676.705395543046
1612,608.5042922663692
1613,2145.1279863134932
1614,2229.6384355356163
1615,2023.1673308790005
1616,2089.6959099946257
1617,920.4277350847149
1618,1178.6656038522406
1619,1709.5721163996545
1620,1477.8061050247045
1621,3477.6569003968107
1622,1447.2525039873174
1623,1219.2313294392343
1624,2834.385480825
1625,290.06129707593607
1626,2251.839121348721
1627,1227.4875824705218
1628,700.8903714609364
1629,2441.193810643213
1630,1224.432934244548
1631,1083.2278277557211
1632,3576.936641314991
1633,1368.2237223623242
1634,2522.4386057299707
1635,2786.4136174178893
1636,2810.807657278893
1637,1121.60703382329
1638,2387.9774914633695
1639,1400.4032633409258
1640,2909.5866845236096
1641,1536.1438050164998
1642,1152.1955232010323
1643,4723.614830611107
1644,2178.568564878102
1645,3905.5253968639945
1646,2177.9070762881606
1647,4047.703571409211
1648,2640.682571335266
1649,1156.638386181481
1650,2703.836234000963
1651,1804.0542799983837
1652,3441.0311286238934
1653,4985.3985301999055
1654,4701.485721135328
1655,2279.242983243059
1656,1356.6745061780416
1657,1064.352945358573
1658,748.9237458760119
1659,2248.3184465941813
1660,920.6263351590904
1661,806.5991344583167
1662,2177.8510296758695
1663,1823.68628611241
1664,2220.678886635403
1665,866.4430894044849
1666,4721.526459827157
1667,3307.6136925843107
1668,1236.385617082507
1669,1678.695640349684
1670,878.9154022740915
1671,2826.745651938891
1672,685.5524425071883
1673,5934.708552387139
1674,1237.7409433572634
1675,1738.53594790022
1676,3256.3352988929746
1677,2571.025178705894
1678,1005.3192402719064
1679,2629.4975276927144
1680,1634.534007911114
1681,770.8418707480312
1682,2808.216483531791
1683,2923.9822268930347
1684,3197.7369006328427
1685,1127.7151004049322
